run_id,hyperparameters_name,hyperparameters_value,model,accuracy
1716457718752,classifier,DecisionTreeClassifier,DecisionTreeClassifier,0.9720464135021097
1716457718752,random_state,123,DecisionTreeClassifier,0.9720464135021097
1716457718752,min_samples_split,2,DecisionTreeClassifier,0.9720464135021097
1716457718752,min_samples_leaf,1,DecisionTreeClassifier,0.9720464135021097
1716457718752,min_weight_fraction_leaf,0.0,DecisionTreeClassifier,0.9720464135021097
1716457718752,ccp_alpha,0.0,DecisionTreeClassifier,0.9720464135021097
1716457718752,criterion,gini,DecisionTreeClassifier,0.9720464135021097
1716457718752,splitter,best,DecisionTreeClassifier,0.9720464135021097
1716457718752,max_depth,6,DecisionTreeClassifier,0.9720464135021097
