NewsID,PublishedBy,pub_atom
BuzzFeed_Fake_1,http://addictinginfo.org,https://nobias-project.eu/RandomVariableAtom/RVA10910
BuzzFeed_Fake_10,http://eaglerising.com,https://nobias-project.eu/RandomVariableAtom/RVA13434
BuzzFeed_Fake_11,http://eaglerising.com,https://nobias-project.eu/RandomVariableAtom/RVA13434
BuzzFeed_Fake_12,http://addictinginfo.org,https://nobias-project.eu/RandomVariableAtom/RVA10910
BuzzFeed_Fake_13,http://proudcons.com,https://nobias-project.eu/RandomVariableAtom/RVA14492
BuzzFeed_Fake_14,http://allenwestrepublic.com,https://nobias-project.eu/RandomVariableAtom/RVA4309
BuzzFeed_Fake_15,http://eaglerising.com,https://nobias-project.eu/RandomVariableAtom/RVA13434
BuzzFeed_Fake_16,http://100percentfedup.com,https://nobias-project.eu/RandomVariableAtom/RVA1280
BuzzFeed_Fake_17,http://eaglerising.com,https://nobias-project.eu/RandomVariableAtom/RVA13434
BuzzFeed_Fake_18,http://conservativebyte.com,https://nobias-project.eu/RandomVariableAtom/RVA12849
BuzzFeed_Fake_19,http://goo.gl,https://nobias-project.eu/RandomVariableAtom/RVA8171
BuzzFeed_Fake_2,http://usherald.com,https://nobias-project.eu/RandomVariableAtom/RVA4698
BuzzFeed_Fake_20,http://eaglerising.com,https://nobias-project.eu/RandomVariableAtom/RVA13434
BuzzFeed_Fake_21,http://theblacksphere.net,https://nobias-project.eu/RandomVariableAtom/RVA15147
BuzzFeed_Fake_22,unknown,https://nobias-project.eu/RandomVariableAtom/RVA5609
BuzzFeed_Fake_23,http://winningdemocrats.com,https://nobias-project.eu/RandomVariableAtom/RVA5012
BuzzFeed_Fake_24,http://usherald.com,https://nobias-project.eu/RandomVariableAtom/RVA4698
BuzzFeed_Fake_25,http://allenwestrepublic.com,https://nobias-project.eu/RandomVariableAtom/RVA4309
BuzzFeed_Fake_26,http://eaglerising.com,https://nobias-project.eu/RandomVariableAtom/RVA13434
BuzzFeed_Fake_27,http://eaglerising.com,https://nobias-project.eu/RandomVariableAtom/RVA13434
BuzzFeed_Fake_28,http://eaglerising.com,https://nobias-project.eu/RandomVariableAtom/RVA13434
BuzzFeed_Fake_29,unknown,https://nobias-project.eu/RandomVariableAtom/RVA5609
BuzzFeed_Fake_3,http://eaglerising.com,https://nobias-project.eu/RandomVariableAtom/RVA13434
BuzzFeed_Fake_30,unknown,https://nobias-project.eu/RandomVariableAtom/RVA5609
BuzzFeed_Fake_31,unknown,https://nobias-project.eu/RandomVariableAtom/RVA5609
BuzzFeed_Fake_32,http://freedomdaily.com,https://nobias-project.eu/RandomVariableAtom/RVA14700
BuzzFeed_Fake_33,http://author.groopspeak.com,https://nobias-project.eu/RandomVariableAtom/RVA10932
BuzzFeed_Fake_34,unknown,https://nobias-project.eu/RandomVariableAtom/RVA5609
BuzzFeed_Fake_35,http://goo.gl,https://nobias-project.eu/RandomVariableAtom/RVA8171
BuzzFeed_Fake_36,http://freedomdaily.com,https://nobias-project.eu/RandomVariableAtom/RVA14700
BuzzFeed_Fake_37,http://freedomdaily.com,https://nobias-project.eu/RandomVariableAtom/RVA14700
BuzzFeed_Fake_38,http://freedomdaily.com,https://nobias-project.eu/RandomVariableAtom/RVA14700
BuzzFeed_Fake_39,http://proudcons.com,https://nobias-project.eu/RandomVariableAtom/RVA14492
BuzzFeed_Fake_4,http://100percentfedup.com,https://nobias-project.eu/RandomVariableAtom/RVA1280
BuzzFeed_Fake_40,http://freedomdaily.com,https://nobias-project.eu/RandomVariableAtom/RVA14700
BuzzFeed_Fake_41,http://freedomdaily.com,https://nobias-project.eu/RandomVariableAtom/RVA14700
BuzzFeed_Fake_42,http://freedomdaily.com,https://nobias-project.eu/RandomVariableAtom/RVA14700
BuzzFeed_Fake_43,http://freedomdaily.com,https://nobias-project.eu/RandomVariableAtom/RVA14700
BuzzFeed_Fake_44,http://addictinginfo.org,https://nobias-project.eu/RandomVariableAtom/RVA10910
BuzzFeed_Fake_45,http://freedomdaily.com,https://nobias-project.eu/RandomVariableAtom/RVA14700
BuzzFeed_Fake_46,http://freedomdaily.com,https://nobias-project.eu/RandomVariableAtom/RVA14700
BuzzFeed_Fake_47,http://freedomdaily.com,https://nobias-project.eu/RandomVariableAtom/RVA14700
BuzzFeed_Fake_48,http://freedomdaily.com,https://nobias-project.eu/RandomVariableAtom/RVA14700
BuzzFeed_Fake_49,http://freedomdaily.com,https://nobias-project.eu/RandomVariableAtom/RVA14700
BuzzFeed_Fake_5,http://clashdaily.com,https://nobias-project.eu/RandomVariableAtom/RVA3024
BuzzFeed_Fake_50,http://goo.gl,https://nobias-project.eu/RandomVariableAtom/RVA8171
BuzzFeed_Fake_51,http://freedomdaily.com,https://nobias-project.eu/RandomVariableAtom/RVA14700
BuzzFeed_Fake_52,unknown,https://nobias-project.eu/RandomVariableAtom/RVA5609
BuzzFeed_Fake_53,unknown,https://nobias-project.eu/RandomVariableAtom/RVA5609
BuzzFeed_Fake_54,http://freedomdaily.com,https://nobias-project.eu/RandomVariableAtom/RVA14700
BuzzFeed_Fake_55,http://author.addictinginfo.org,https://nobias-project.eu/RandomVariableAtom/RVA5558
BuzzFeed_Fake_56,http://freedomdaily.com,https://nobias-project.eu/RandomVariableAtom/RVA14700
BuzzFeed_Fake_57,http://yesimright.com,https://nobias-project.eu/RandomVariableAtom/RVA14551
BuzzFeed_Fake_58,http://occupydemocrats.com,https://nobias-project.eu/RandomVariableAtom/RVA12848
BuzzFeed_Fake_59,http://occupydemocrats.com,https://nobias-project.eu/RandomVariableAtom/RVA12848
BuzzFeed_Fake_6,http://eaglerising.com,https://nobias-project.eu/RandomVariableAtom/RVA13434
BuzzFeed_Fake_60,http://occupydemocrats.com,https://nobias-project.eu/RandomVariableAtom/RVA12848
BuzzFeed_Fake_61,http://occupydemocrats.com,https://nobias-project.eu/RandomVariableAtom/RVA12848
BuzzFeed_Fake_62,unknown,https://nobias-project.eu/RandomVariableAtom/RVA5609
BuzzFeed_Fake_63,http://occupydemocrats.com,https://nobias-project.eu/RandomVariableAtom/RVA12848
BuzzFeed_Fake_64,http://occupydemocrats.com,https://nobias-project.eu/RandomVariableAtom/RVA12848
BuzzFeed_Fake_65,http://rightwingnews.com,https://nobias-project.eu/RandomVariableAtom/RVA11888
BuzzFeed_Fake_66,http://winningdemocrats.com,https://nobias-project.eu/RandomVariableAtom/RVA5012
BuzzFeed_Fake_67,http://rightwingnews.com,https://nobias-project.eu/RandomVariableAtom/RVA11888
BuzzFeed_Fake_68,http://rightwingnews.com,https://nobias-project.eu/RandomVariableAtom/RVA11888
BuzzFeed_Fake_69,http://rightwingnews.com,https://nobias-project.eu/RandomVariableAtom/RVA11888
BuzzFeed_Fake_7,http://eaglerising.com,https://nobias-project.eu/RandomVariableAtom/RVA13434
BuzzFeed_Fake_70,http://rightwingnews.com,https://nobias-project.eu/RandomVariableAtom/RVA11888
BuzzFeed_Fake_71,http://thepoliticalinsider.com,https://nobias-project.eu/RandomVariableAtom/RVA14788
BuzzFeed_Fake_72,http://chicksontheright.com,https://nobias-project.eu/RandomVariableAtom/RVA4189
BuzzFeed_Fake_73,http://rightwingnews.com,https://nobias-project.eu/RandomVariableAtom/RVA11888
BuzzFeed_Fake_74,http://rightwingnews.com,https://nobias-project.eu/RandomVariableAtom/RVA11888
BuzzFeed_Fake_75,http://rightwingnews.com,https://nobias-project.eu/RandomVariableAtom/RVA11888
BuzzFeed_Fake_76,http://addictinginfo.org,https://nobias-project.eu/RandomVariableAtom/RVA10910
BuzzFeed_Fake_77,http://conservativetribune.com,https://nobias-project.eu/RandomVariableAtom/RVA4853
BuzzFeed_Fake_78,http://ihavethetruth.com,https://nobias-project.eu/RandomVariableAtom/RVA2691
BuzzFeed_Fake_79,http://rightwingnews.com,https://nobias-project.eu/RandomVariableAtom/RVA11888
BuzzFeed_Fake_8,http://theblacksphere.net,https://nobias-project.eu/RandomVariableAtom/RVA15147
BuzzFeed_Fake_80,http://ihavethetruth.com,https://nobias-project.eu/RandomVariableAtom/RVA2691
BuzzFeed_Fake_81,http://rightwingnews.com,https://nobias-project.eu/RandomVariableAtom/RVA11888
BuzzFeed_Fake_82,http://thepoliticalinsider.com,https://nobias-project.eu/RandomVariableAtom/RVA14788
BuzzFeed_Fake_83,http://rightwingnews.com,https://nobias-project.eu/RandomVariableAtom/RVA11888
BuzzFeed_Fake_84,http://rightwingnews.com,https://nobias-project.eu/RandomVariableAtom/RVA11888
BuzzFeed_Fake_85,http://rightwingnews.com,https://nobias-project.eu/RandomVariableAtom/RVA11888
BuzzFeed_Fake_86,http://rightwingnews.com,https://nobias-project.eu/RandomVariableAtom/RVA11888
BuzzFeed_Fake_87,http://rightwingnews.com,https://nobias-project.eu/RandomVariableAtom/RVA11888
BuzzFeed_Fake_88,http://rightwingnews.com,https://nobias-project.eu/RandomVariableAtom/RVA11888
BuzzFeed_Fake_89,http://conservativetribune.com,https://nobias-project.eu/RandomVariableAtom/RVA4853
BuzzFeed_Fake_9,http://clashdaily.com,https://nobias-project.eu/RandomVariableAtom/RVA3024
BuzzFeed_Fake_90,http://thepoliticalinsider.com,https://nobias-project.eu/RandomVariableAtom/RVA14788
BuzzFeed_Fake_91,http://rightwingnews.com,https://nobias-project.eu/RandomVariableAtom/RVA11888
BuzzFeed_Real_1,http://eaglerising.com,https://nobias-project.eu/RandomVariableAtom/RVA13434
BuzzFeed_Real_10,http://abcn.ws,https://nobias-project.eu/RandomVariableAtom/RVA2157
BuzzFeed_Real_11,http://rightwingnews.com,https://nobias-project.eu/RandomVariableAtom/RVA11888
BuzzFeed_Real_12,http://politi.co,https://nobias-project.eu/RandomVariableAtom/RVA14959
BuzzFeed_Real_13,http://abcn.ws,https://nobias-project.eu/RandomVariableAtom/RVA2157
BuzzFeed_Real_14,http://rightwingnews.com,https://nobias-project.eu/RandomVariableAtom/RVA11888
BuzzFeed_Real_15,http://abcn.ws,https://nobias-project.eu/RandomVariableAtom/RVA2157
BuzzFeed_Real_16,http://abcn.ws,https://nobias-project.eu/RandomVariableAtom/RVA2157
BuzzFeed_Real_17,http://cnn.it,https://nobias-project.eu/RandomVariableAtom/RVA8436
BuzzFeed_Real_18,http://politi.co,https://nobias-project.eu/RandomVariableAtom/RVA14959
BuzzFeed_Real_19,http://politi.co,https://nobias-project.eu/RandomVariableAtom/RVA14959
BuzzFeed_Real_2,http://cnn.it,https://nobias-project.eu/RandomVariableAtom/RVA8436
BuzzFeed_Real_20,http://politi.co,https://nobias-project.eu/RandomVariableAtom/RVA14959
BuzzFeed_Real_21,http://abcn.ws,https://nobias-project.eu/RandomVariableAtom/RVA2157
BuzzFeed_Real_22,http://occupydemocrats.com,https://nobias-project.eu/RandomVariableAtom/RVA12848
BuzzFeed_Real_23,http://cnn.it,https://nobias-project.eu/RandomVariableAtom/RVA8436
BuzzFeed_Real_24,http://eaglerising.com,https://nobias-project.eu/RandomVariableAtom/RVA13434
BuzzFeed_Real_25,http://politi.co,https://nobias-project.eu/RandomVariableAtom/RVA14959
BuzzFeed_Real_26,http://rightwingnews.com,https://nobias-project.eu/RandomVariableAtom/RVA11888
BuzzFeed_Real_27,http://politi.co,https://nobias-project.eu/RandomVariableAtom/RVA14959
BuzzFeed_Real_28,http://eaglerising.com,https://nobias-project.eu/RandomVariableAtom/RVA13434
BuzzFeed_Real_29,http://politi.co,https://nobias-project.eu/RandomVariableAtom/RVA14959
BuzzFeed_Real_3,http://cnn.it,https://nobias-project.eu/RandomVariableAtom/RVA8436
BuzzFeed_Real_30,http://politi.co,https://nobias-project.eu/RandomVariableAtom/RVA14959
BuzzFeed_Real_31,http://politi.co,https://nobias-project.eu/RandomVariableAtom/RVA14959
BuzzFeed_Real_32,http://politi.co,https://nobias-project.eu/RandomVariableAtom/RVA14959
BuzzFeed_Real_33,http://rightwingnews.com,https://nobias-project.eu/RandomVariableAtom/RVA11888
BuzzFeed_Real_34,http://cnn.it,https://nobias-project.eu/RandomVariableAtom/RVA8436
BuzzFeed_Real_35,http://opposingviews.com,https://nobias-project.eu/RandomVariableAtom/RVA4060
BuzzFeed_Real_36,http://rightwingnews.com,https://nobias-project.eu/RandomVariableAtom/RVA11888
BuzzFeed_Real_37,http://politi.co,https://nobias-project.eu/RandomVariableAtom/RVA14959
BuzzFeed_Real_38,http://cnn.it,https://nobias-project.eu/RandomVariableAtom/RVA8436
BuzzFeed_Real_39,http://ifyouonlynews.com,https://nobias-project.eu/RandomVariableAtom/RVA1803
BuzzFeed_Real_4,http://conservativebyte.com,https://nobias-project.eu/RandomVariableAtom/RVA12849
BuzzFeed_Real_40,http://politi.co,https://nobias-project.eu/RandomVariableAtom/RVA14959
BuzzFeed_Real_41,http://abcn.ws,https://nobias-project.eu/RandomVariableAtom/RVA2157
BuzzFeed_Real_42,http://cnn.it,https://nobias-project.eu/RandomVariableAtom/RVA8436
BuzzFeed_Real_43,http://freedomdaily.com,https://nobias-project.eu/RandomVariableAtom/RVA14700
BuzzFeed_Real_44,http://abcn.ws,https://nobias-project.eu/RandomVariableAtom/RVA2157
BuzzFeed_Real_45,http://cnn.it,https://nobias-project.eu/RandomVariableAtom/RVA8436
BuzzFeed_Real_46,http://politi.co,https://nobias-project.eu/RandomVariableAtom/RVA14959
BuzzFeed_Real_47,http://eaglerising.com,https://nobias-project.eu/RandomVariableAtom/RVA13434
BuzzFeed_Real_48,http://cnn.it,https://nobias-project.eu/RandomVariableAtom/RVA8436
BuzzFeed_Real_49,http://politi.co,https://nobias-project.eu/RandomVariableAtom/RVA14959
BuzzFeed_Real_5,http://cnn.it,https://nobias-project.eu/RandomVariableAtom/RVA8436
BuzzFeed_Real_50,http://cnn.it,https://nobias-project.eu/RandomVariableAtom/RVA8436
BuzzFeed_Real_51,http://cnn.it,https://nobias-project.eu/RandomVariableAtom/RVA8436
BuzzFeed_Real_52,http://politi.co,https://nobias-project.eu/RandomVariableAtom/RVA14959
BuzzFeed_Real_53,http://addictinginfo.org,https://nobias-project.eu/RandomVariableAtom/RVA10910
BuzzFeed_Real_54,http://ifyouonlynews.com,https://nobias-project.eu/RandomVariableAtom/RVA1803
BuzzFeed_Real_55,http://politi.co,https://nobias-project.eu/RandomVariableAtom/RVA14959
BuzzFeed_Real_56,http://washingtonpost.com,https://nobias-project.eu/RandomVariableAtom/RVA11439
BuzzFeed_Real_57,http://cnn.it,https://nobias-project.eu/RandomVariableAtom/RVA8436
BuzzFeed_Real_58,http://rightwingnews.com,https://nobias-project.eu/RandomVariableAtom/RVA11888
BuzzFeed_Real_59,http://politi.co,https://nobias-project.eu/RandomVariableAtom/RVA14959
BuzzFeed_Real_6,http://politi.co,https://nobias-project.eu/RandomVariableAtom/RVA14959
BuzzFeed_Real_60,http://addictinginfo.org,https://nobias-project.eu/RandomVariableAtom/RVA10910
BuzzFeed_Real_61,http://eaglerising.com,https://nobias-project.eu/RandomVariableAtom/RVA13434
BuzzFeed_Real_62,http://politi.co,https://nobias-project.eu/RandomVariableAtom/RVA14959
BuzzFeed_Real_63,http://rightwingnews.com,https://nobias-project.eu/RandomVariableAtom/RVA11888
BuzzFeed_Real_64,http://cnn.it,https://nobias-project.eu/RandomVariableAtom/RVA8436
BuzzFeed_Real_65,http://politi.co,https://nobias-project.eu/RandomVariableAtom/RVA14959
BuzzFeed_Real_66,http://cnn.it,https://nobias-project.eu/RandomVariableAtom/RVA8436
BuzzFeed_Real_67,http://abcn.ws,https://nobias-project.eu/RandomVariableAtom/RVA2157
BuzzFeed_Real_68,http://politi.co,https://nobias-project.eu/RandomVariableAtom/RVA14959
BuzzFeed_Real_69,http://politi.co,https://nobias-project.eu/RandomVariableAtom/RVA14959
BuzzFeed_Real_7,http://cnn.it,https://nobias-project.eu/RandomVariableAtom/RVA8436
BuzzFeed_Real_70,http://politi.co,https://nobias-project.eu/RandomVariableAtom/RVA14959
BuzzFeed_Real_71,http://cnn.it,https://nobias-project.eu/RandomVariableAtom/RVA8436
BuzzFeed_Real_72,http://politi.co,https://nobias-project.eu/RandomVariableAtom/RVA14959
BuzzFeed_Real_73,http://cnn.it,https://nobias-project.eu/RandomVariableAtom/RVA8436
BuzzFeed_Real_74,http://addictinginfo.org,https://nobias-project.eu/RandomVariableAtom/RVA10910
BuzzFeed_Real_75,http://cnn.it,https://nobias-project.eu/RandomVariableAtom/RVA8436
BuzzFeed_Real_76,http://addictinginfo.org,https://nobias-project.eu/RandomVariableAtom/RVA10910
BuzzFeed_Real_77,http://politi.co,https://nobias-project.eu/RandomVariableAtom/RVA14959
BuzzFeed_Real_78,http://politi.co,https://nobias-project.eu/RandomVariableAtom/RVA14959
BuzzFeed_Real_79,http://winningdemocrats.com,https://nobias-project.eu/RandomVariableAtom/RVA5012
BuzzFeed_Real_8,http://eaglerising.com,https://nobias-project.eu/RandomVariableAtom/RVA13434
BuzzFeed_Real_80,http://cnn.it,https://nobias-project.eu/RandomVariableAtom/RVA8436
BuzzFeed_Real_81,http://politi.co,https://nobias-project.eu/RandomVariableAtom/RVA14959
BuzzFeed_Real_82,http://abcn.ws,https://nobias-project.eu/RandomVariableAtom/RVA2157
BuzzFeed_Real_83,http://politi.co,https://nobias-project.eu/RandomVariableAtom/RVA14959
BuzzFeed_Real_84,http://politi.co,https://nobias-project.eu/RandomVariableAtom/RVA14959
BuzzFeed_Real_85,http://cnn.it,https://nobias-project.eu/RandomVariableAtom/RVA8436
BuzzFeed_Real_86,http://cnn.it,https://nobias-project.eu/RandomVariableAtom/RVA8436
BuzzFeed_Real_87,http://politi.co,https://nobias-project.eu/RandomVariableAtom/RVA14959
BuzzFeed_Real_88,http://eaglerising.com,https://nobias-project.eu/RandomVariableAtom/RVA13434
BuzzFeed_Real_89,http://politi.co,https://nobias-project.eu/RandomVariableAtom/RVA14959
BuzzFeed_Real_9,http://cnn.it,https://nobias-project.eu/RandomVariableAtom/RVA8436
BuzzFeed_Real_90,http://addictinginfo.org,https://nobias-project.eu/RandomVariableAtom/RVA10910
BuzzFeed_Real_91,http://politi.co,https://nobias-project.eu/RandomVariableAtom/RVA14959
