run_id,hyperparameters_name,hyperparameters_value,model,accuracy
1716558951535,classifier,DecisionTreeClassifier,DecisionTreeClassifier,0.9660407510986816
1716558951535,random_state,123,DecisionTreeClassifier,0.9660407510986816
1716558951535,min_samples_split,2,DecisionTreeClassifier,0.9660407510986816
1716558951535,min_samples_leaf,1,DecisionTreeClassifier,0.9660407510986816
1716558951535,min_weight_fraction_leaf,0.0,DecisionTreeClassifier,0.9660407510986816
1716558951535,ccp_alpha,0.0,DecisionTreeClassifier,0.9660407510986816
1716558951535,criterion,entropy,DecisionTreeClassifier,0.9660407510986816
1716558951535,splitter,random,DecisionTreeClassifier,0.9660407510986816
1716558951535,max_depth,5,DecisionTreeClassifier,0.9660407510986816
