run_id,hyperparameters_name,hyperparameters_value,model,accuracy
1716748878831,classifier,DecisionTreeClassifier,DecisionTreeClassifier,0.8581701957650819
1716748878831,random_state,123,DecisionTreeClassifier,0.8581701957650819
1716748878831,min_samples_split,2,DecisionTreeClassifier,0.8581701957650819
1716748878831,min_samples_leaf,1,DecisionTreeClassifier,0.8581701957650819
1716748878831,min_weight_fraction_leaf,0.0,DecisionTreeClassifier,0.8581701957650819
1716748878831,ccp_alpha,0.0,DecisionTreeClassifier,0.8581701957650819
1716748878831,criterion,gini,DecisionTreeClassifier,0.8581701957650819
1716748878831,splitter,best,DecisionTreeClassifier,0.8581701957650819
1716748878831,max_depth,5,DecisionTreeClassifier,0.8581701957650819
