run_id,hyperparameters_name,hyperparameters_value,model,accuracy
1716904642641,classifier,DecisionTreeClassifier,DecisionTreeClassifier,0.9539666993143977
1716904642641,random_state,123,DecisionTreeClassifier,0.9539666993143977
1716904642641,min_samples_split,2,DecisionTreeClassifier,0.9539666993143977
1716904642641,min_samples_leaf,1,DecisionTreeClassifier,0.9539666993143977
1716904642641,min_weight_fraction_leaf,0.0,DecisionTreeClassifier,0.9539666993143977
1716904642641,ccp_alpha,0.0,DecisionTreeClassifier,0.9539666993143977
1716904642641,criterion,entropy,DecisionTreeClassifier,0.9539666993143977
1716904642641,splitter,best,DecisionTreeClassifier,0.9539666993143977
1716904642641,max_depth,6,DecisionTreeClassifier,0.9539666993143977
