run_id,hyperparameters_name,hyperparameters_value,model,accuracy
1717082118878,classifier,DecisionTreeClassifier,DecisionTreeClassifier,0.9921645445641528
1717082118878,random_state,123,DecisionTreeClassifier,0.9921645445641528
1717082118878,min_samples_split,2,DecisionTreeClassifier,0.9921645445641528
1717082118878,min_samples_leaf,1,DecisionTreeClassifier,0.9921645445641528
1717082118878,min_weight_fraction_leaf,0.0,DecisionTreeClassifier,0.9921645445641528
1717082118878,ccp_alpha,0.0,DecisionTreeClassifier,0.9921645445641528
1717082118878,criterion,gini,DecisionTreeClassifier,0.9921645445641528
1717082118878,splitter,random,DecisionTreeClassifier,0.9921645445641528
1717082118878,max_depth,6,DecisionTreeClassifier,0.9921645445641528
