run_id,hyperparameters_name,hyperparameters_value,model,accuracy
1716903027647,classifier,DecisionTreeClassifier,DecisionTreeClassifier,0.983787512935495
1716903027647,random_state,123,DecisionTreeClassifier,0.983787512935495
1716903027647,min_samples_split,2,DecisionTreeClassifier,0.983787512935495
1716903027647,min_samples_leaf,1,DecisionTreeClassifier,0.983787512935495
1716903027647,min_weight_fraction_leaf,0.0,DecisionTreeClassifier,0.983787512935495
1716903027647,ccp_alpha,0.0,DecisionTreeClassifier,0.983787512935495
1716903027647,criterion,entropy,DecisionTreeClassifier,0.983787512935495
1716903027647,splitter,best,DecisionTreeClassifier,0.983787512935495
1716903027647,max_depth,6,DecisionTreeClassifier,0.983787512935495
