run_id,hyperparameters_name,hyperparameters_value,model,accuracy
1716561945908,classifier,DecisionTreeClassifier,DecisionTreeClassifier,0.9041150619256891
1716561945908,random_state,123,DecisionTreeClassifier,0.9041150619256891
1716561945908,min_samples_split,2,DecisionTreeClassifier,0.9041150619256891
1716561945908,min_samples_leaf,1,DecisionTreeClassifier,0.9041150619256891
1716561945908,min_weight_fraction_leaf,0.0,DecisionTreeClassifier,0.9041150619256891
1716561945908,ccp_alpha,0.0,DecisionTreeClassifier,0.9041150619256891
1716561945908,criterion,gini,DecisionTreeClassifier,0.9041150619256891
1716561945908,splitter,random,DecisionTreeClassifier,0.9041150619256891
1716561945908,max_depth,6,DecisionTreeClassifier,0.9041150619256891
