run_id,hyperparameters_name,hyperparameters_value,model,accuracy
1716548243128,classifier,DecisionTreeClassifier,DecisionTreeClassifier,0.9739803094233473
1716548243128,random_state,123,DecisionTreeClassifier,0.9739803094233473
1716548243128,min_samples_split,2,DecisionTreeClassifier,0.9739803094233473
1716548243128,min_samples_leaf,1,DecisionTreeClassifier,0.9739803094233473
1716548243128,min_weight_fraction_leaf,0.0,DecisionTreeClassifier,0.9739803094233473
1716548243128,ccp_alpha,0.0,DecisionTreeClassifier,0.9739803094233473
1716548243128,criterion,log_loss,DecisionTreeClassifier,0.9739803094233473
1716548243128,splitter,best,DecisionTreeClassifier,0.9739803094233473
1716548243128,max_depth,6,DecisionTreeClassifier,0.9739803094233473
