run_id,hyperparameters_name,hyperparameters_value,model,accuracy
1716453484851,classifier,DecisionTreeClassifier,DecisionTreeClassifier,0.9344233473980309
1716453484851,random_state,123,DecisionTreeClassifier,0.9344233473980309
1716453484851,min_samples_split,2,DecisionTreeClassifier,0.9344233473980309
1716453484851,min_samples_leaf,1,DecisionTreeClassifier,0.9344233473980309
1716453484851,min_weight_fraction_leaf,0.0,DecisionTreeClassifier,0.9344233473980309
1716453484851,ccp_alpha,0.0,DecisionTreeClassifier,0.9344233473980309
1716453484851,criterion,gini,DecisionTreeClassifier,0.9344233473980309
1716453484851,splitter,best,DecisionTreeClassifier,0.9344233473980309
1716453484851,max_depth,4,DecisionTreeClassifier,0.9344233473980309
