run_id,hyperparameters_name,hyperparameters_value,model,accuracy
1716895825590,classifier,DecisionTreeClassifier,DecisionTreeClassifier,0.9870645050017247
1716895825590,random_state,123,DecisionTreeClassifier,0.9870645050017247
1716895825590,min_samples_split,2,DecisionTreeClassifier,0.9870645050017247
1716895825590,min_samples_leaf,1,DecisionTreeClassifier,0.9870645050017247
1716895825590,min_weight_fraction_leaf,0.0,DecisionTreeClassifier,0.9870645050017247
1716895825590,ccp_alpha,0.0,DecisionTreeClassifier,0.9870645050017247
1716895825590,criterion,entropy,DecisionTreeClassifier,0.9870645050017247
1716895825590,splitter,random,DecisionTreeClassifier,0.9870645050017247
1716895825590,max_depth,4,DecisionTreeClassifier,0.9870645050017247
