run_id,hyperparameters_name,hyperparameters_value,model,accuracy
1716908598820,classifier,DecisionTreeClassifier,DecisionTreeClassifier,0.9409892262487757
1716908598820,random_state,123,DecisionTreeClassifier,0.9409892262487757
1716908598820,min_samples_split,2,DecisionTreeClassifier,0.9409892262487757
1716908598820,min_samples_leaf,1,DecisionTreeClassifier,0.9409892262487757
1716908598820,min_weight_fraction_leaf,0.0,DecisionTreeClassifier,0.9409892262487757
1716908598820,ccp_alpha,0.0,DecisionTreeClassifier,0.9409892262487757
1716908598820,criterion,entropy,DecisionTreeClassifier,0.9409892262487757
1716908598820,splitter,best,DecisionTreeClassifier,0.9409892262487757
1716908598820,max_depth,5,DecisionTreeClassifier,0.9409892262487757
