run_id,hyperparameters_name,hyperparameters_value,model,accuracy
1716985867848,classifier,DecisionTreeClassifier,DecisionTreeClassifier,0.9701273261508325
1716985867848,random_state,123,DecisionTreeClassifier,0.9701273261508325
1716985867848,min_samples_split,2,DecisionTreeClassifier,0.9701273261508325
1716985867848,min_samples_leaf,1,DecisionTreeClassifier,0.9701273261508325
1716985867848,min_weight_fraction_leaf,0.0,DecisionTreeClassifier,0.9701273261508325
1716985867848,ccp_alpha,0.0,DecisionTreeClassifier,0.9701273261508325
1716985867848,criterion,entropy,DecisionTreeClassifier,0.9701273261508325
1716985867848,splitter,random,DecisionTreeClassifier,0.9701273261508325
1716985867848,max_depth,4,DecisionTreeClassifier,0.9701273261508325
