run_id,hyperparameters_name,hyperparameters_value,model,accuracy
1716542268095,classifier,DecisionTreeClassifier,DecisionTreeClassifier,0.9899789029535865
1716542268095,random_state,123,DecisionTreeClassifier,0.9899789029535865
1716542268095,min_samples_split,2,DecisionTreeClassifier,0.9899789029535865
1716542268095,min_samples_leaf,1,DecisionTreeClassifier,0.9899789029535865
1716542268095,min_weight_fraction_leaf,0.0,DecisionTreeClassifier,0.9899789029535865
1716542268095,ccp_alpha,0.0,DecisionTreeClassifier,0.9899789029535865
1716542268095,criterion,log_loss,DecisionTreeClassifier,0.9899789029535865
1716542268095,splitter,best,DecisionTreeClassifier,0.9899789029535865
1716542268095,max_depth,5,DecisionTreeClassifier,0.9899789029535865
