run_id,hyperparameters_name,hyperparameters_value,model,accuracy
1716543481191,classifier,DecisionTreeClassifier,DecisionTreeClassifier,0.9899789029535865
1716543481191,random_state,123,DecisionTreeClassifier,0.9899789029535865
1716543481191,min_samples_split,2,DecisionTreeClassifier,0.9899789029535865
1716543481191,min_samples_leaf,1,DecisionTreeClassifier,0.9899789029535865
1716543481191,min_weight_fraction_leaf,0.0,DecisionTreeClassifier,0.9899789029535865
1716543481191,ccp_alpha,0.0,DecisionTreeClassifier,0.9899789029535865
1716543481191,criterion,entropy,DecisionTreeClassifier,0.9899789029535865
1716543481191,splitter,random,DecisionTreeClassifier,0.9899789029535865
1716543481191,max_depth,6,DecisionTreeClassifier,0.9899789029535865
