run_id,hyperparameters_name,hyperparameters_value,model,accuracy
1716737906388,classifier,DecisionTreeClassifier,DecisionTreeClassifier,0.8647223332001598
1716737906388,random_state,123,DecisionTreeClassifier,0.8647223332001598
1716737906388,min_samples_split,2,DecisionTreeClassifier,0.8647223332001598
1716737906388,min_samples_leaf,1,DecisionTreeClassifier,0.8647223332001598
1716737906388,min_weight_fraction_leaf,0.0,DecisionTreeClassifier,0.8647223332001598
1716737906388,ccp_alpha,0.0,DecisionTreeClassifier,0.8647223332001598
1716737906388,criterion,entropy,DecisionTreeClassifier,0.8647223332001598
1716737906388,splitter,random,DecisionTreeClassifier,0.8647223332001598
1716737906388,max_depth,6,DecisionTreeClassifier,0.8647223332001598
