run_id,hyperparameters_name,hyperparameters_value,model,accuracy
1717069757841,classifier,DecisionTreeClassifier,DecisionTreeClassifier,0.9914299706170421
1717069757841,random_state,123,DecisionTreeClassifier,0.9914299706170421
1717069757841,min_samples_split,2,DecisionTreeClassifier,0.9914299706170421
1717069757841,min_samples_leaf,1,DecisionTreeClassifier,0.9914299706170421
1717069757841,min_weight_fraction_leaf,0.0,DecisionTreeClassifier,0.9914299706170421
1717069757841,ccp_alpha,0.0,DecisionTreeClassifier,0.9914299706170421
1717069757841,criterion,entropy,DecisionTreeClassifier,0.9914299706170421
1717069757841,splitter,random,DecisionTreeClassifier,0.9914299706170421
1717069757841,max_depth,6,DecisionTreeClassifier,0.9914299706170421
