run_id,hyperparameters_name,hyperparameters_value,model,accuracy
1716899537780,classifier,DecisionTreeClassifier,DecisionTreeClassifier,0.9601586754053122
1716899537780,random_state,123,DecisionTreeClassifier,0.9601586754053122
1716899537780,min_samples_split,2,DecisionTreeClassifier,0.9601586754053122
1716899537780,min_samples_leaf,1,DecisionTreeClassifier,0.9601586754053122
1716899537780,min_weight_fraction_leaf,0.0,DecisionTreeClassifier,0.9601586754053122
1716899537780,ccp_alpha,0.0,DecisionTreeClassifier,0.9601586754053122
1716899537780,criterion,log_loss,DecisionTreeClassifier,0.9601586754053122
1716899537780,splitter,best,DecisionTreeClassifier,0.9601586754053122
1716899537780,max_depth,4,DecisionTreeClassifier,0.9601586754053122
