run_id,hyperparameters_name,hyperparameters_value,model,accuracy
1716552336671,classifier,DecisionTreeClassifier,DecisionTreeClassifier,0.9810627247303236
1716552336671,random_state,123,DecisionTreeClassifier,0.9810627247303236
1716552336671,min_samples_split,2,DecisionTreeClassifier,0.9810627247303236
1716552336671,min_samples_leaf,1,DecisionTreeClassifier,0.9810627247303236
1716552336671,min_weight_fraction_leaf,0.0,DecisionTreeClassifier,0.9810627247303236
1716552336671,ccp_alpha,0.0,DecisionTreeClassifier,0.9810627247303236
1716552336671,criterion,gini,DecisionTreeClassifier,0.9810627247303236
1716552336671,splitter,random,DecisionTreeClassifier,0.9810627247303236
1716552336671,max_depth,6,DecisionTreeClassifier,0.9810627247303236
