run_id,hyperparameters_name,hyperparameters_value,model,accuracy
1716455716202,classifier,DecisionTreeClassifier,DecisionTreeClassifier,0.985056258790436
1716455716202,random_state,123,DecisionTreeClassifier,0.985056258790436
1716455716202,min_samples_split,2,DecisionTreeClassifier,0.985056258790436
1716455716202,min_samples_leaf,1,DecisionTreeClassifier,0.985056258790436
1716455716202,min_weight_fraction_leaf,0.0,DecisionTreeClassifier,0.985056258790436
1716455716202,ccp_alpha,0.0,DecisionTreeClassifier,0.985056258790436
1716455716202,criterion,log_loss,DecisionTreeClassifier,0.985056258790436
1716455716202,splitter,best,DecisionTreeClassifier,0.985056258790436
1716455716202,max_depth,6,DecisionTreeClassifier,0.985056258790436
