run_id,hyperparameters_name,hyperparameters_value,model,accuracy
1716887161664,classifier,DecisionTreeClassifier,DecisionTreeClassifier,0.9899965505346672
1716887161664,random_state,123,DecisionTreeClassifier,0.9899965505346672
1716887161664,min_samples_split,2,DecisionTreeClassifier,0.9899965505346672
1716887161664,min_samples_leaf,1,DecisionTreeClassifier,0.9899965505346672
1716887161664,min_weight_fraction_leaf,0.0,DecisionTreeClassifier,0.9899965505346672
1716887161664,ccp_alpha,0.0,DecisionTreeClassifier,0.9899965505346672
1716887161664,criterion,gini,DecisionTreeClassifier,0.9899965505346672
1716887161664,splitter,best,DecisionTreeClassifier,0.9899965505346672
1716887161664,max_depth,5,DecisionTreeClassifier,0.9899965505346672
