run_id,hyperparameters_name,hyperparameters_value,model,accuracy
1716911505057,classifier,DecisionTreeClassifier,DecisionTreeClassifier,0.9400097943192948
1716911505057,random_state,123,DecisionTreeClassifier,0.9400097943192948
1716911505057,min_samples_split,2,DecisionTreeClassifier,0.9400097943192948
1716911505057,min_samples_leaf,1,DecisionTreeClassifier,0.9400097943192948
1716911505057,min_weight_fraction_leaf,0.0,DecisionTreeClassifier,0.9400097943192948
1716911505057,ccp_alpha,0.0,DecisionTreeClassifier,0.9400097943192948
1716911505057,criterion,entropy,DecisionTreeClassifier,0.9400097943192948
1716911505057,splitter,random,DecisionTreeClassifier,0.9400097943192948
1716911505057,max_depth,5,DecisionTreeClassifier,0.9400097943192948
