run_id,hyperparameters_name,hyperparameters_value,model,accuracy
1716893813220,classifier,DecisionTreeClassifier,DecisionTreeClassifier,0.9899965505346672
1716893813220,random_state,123,DecisionTreeClassifier,0.9899965505346672
1716893813220,min_samples_split,2,DecisionTreeClassifier,0.9899965505346672
1716893813220,min_samples_leaf,1,DecisionTreeClassifier,0.9899965505346672
1716893813220,min_weight_fraction_leaf,0.0,DecisionTreeClassifier,0.9899965505346672
1716893813220,ccp_alpha,0.0,DecisionTreeClassifier,0.9899965505346672
1716893813220,criterion,entropy,DecisionTreeClassifier,0.9899965505346672
1716893813220,splitter,best,DecisionTreeClassifier,0.9899965505346672
1716893813220,max_depth,5,DecisionTreeClassifier,0.9899965505346672
