run_id,hyperparameters_name,hyperparameters_value,model,accuracy
1716554996411,classifier,DecisionTreeClassifier,DecisionTreeClassifier,0.9841789852177387
1716554996411,random_state,123,DecisionTreeClassifier,0.9841789852177387
1716554996411,min_samples_split,2,DecisionTreeClassifier,0.9841789852177387
1716554996411,min_samples_leaf,1,DecisionTreeClassifier,0.9841789852177387
1716554996411,min_weight_fraction_leaf,0.0,DecisionTreeClassifier,0.9841789852177387
1716554996411,ccp_alpha,0.0,DecisionTreeClassifier,0.9841789852177387
1716554996411,criterion,entropy,DecisionTreeClassifier,0.9841789852177387
1716554996411,splitter,best,DecisionTreeClassifier,0.9841789852177387
1716554996411,max_depth,6,DecisionTreeClassifier,0.9841789852177387
