run_id,hyperparameters_name,hyperparameters_value,model,accuracy
1716896976948,classifier,DecisionTreeClassifier,DecisionTreeClassifier,0.9836150396688513
1716896976948,random_state,123,DecisionTreeClassifier,0.9836150396688513
1716896976948,min_samples_split,2,DecisionTreeClassifier,0.9836150396688513
1716896976948,min_samples_leaf,1,DecisionTreeClassifier,0.9836150396688513
1716896976948,min_weight_fraction_leaf,0.0,DecisionTreeClassifier,0.9836150396688513
1716896976948,ccp_alpha,0.0,DecisionTreeClassifier,0.9836150396688513
1716896976948,criterion,entropy,DecisionTreeClassifier,0.9836150396688513
1716896976948,splitter,best,DecisionTreeClassifier,0.9836150396688513
1716896976948,max_depth,4,DecisionTreeClassifier,0.9836150396688513
